{"cameraMode":{"drawMode":0,"name":"Shaded","section":"Shading Mode"},"sceneLighting":true,"audioPlay":false,"sceneViewState":{"showFog":false,"showMaterialUpdate":false,"showSkybox":false,"showFlares":false,"showImageEffects":false,"showParticleSystems":false},"in2DMode":false,"pivot":{"x":-0.16516701877117158,"y":0.13765770196914674,"z":-12.553946495056153},"rotation":{"x":0.7069919109344482,"y":0.012727231718599797,"z":-0.012727229855954647,"w":0.7069920897483826},"size":7.300495147705078,"orthographic":true}