{"cameraMode":{"drawMode":0,"name":"Shaded","section":"Shading Mode"},"sceneLighting":true,"audioPlay":false,"sceneViewState":{"showFog":false,"showMaterialUpdate":false,"showSkybox":false,"showFlares":false,"showImageEffects":false,"showParticleSystems":false},"in2DMode":false,"pivot":{"x":-0.4651675224304199,"y":1.989471673965454,"z":-21.235671997070314},"rotation":{"x":0.7069919109344482,"y":0.012727231718599797,"z":-0.012727229855954647,"w":0.7069920897483826},"size":1.2505145072937012,"orthographic":true}